{"options":{"hasObfuscationDictionary":false,"hasClassObfuscationDictionary":false,"hasPackageObfuscationDictionary":false,"keepAttributes":{"isAnnotationDefaultKept":true,"isEnclosingMethodKept":true,"isExceptionsKept":false,"isInnerClassesKept":true,"isLocalVariableTableKept":false,"isLocalVariableTypeTableKept":false,"isMethodParametersKept":false,"isPermittedSubclassesKept":false,"isRuntimeInvisibleAnnotationsKept":false,"isRuntimeInvisibleParameterAnnotationsKept":false,"isRuntimeInvisibleTypeAnnotationsKept":false,"isRuntimeVisibleAnnotationsKept":true,"isRuntimeVisibleParameterAnnotationsKept":true,"isRuntimeVisibleTypeAnnotationsKept":true,"isSignatureKept":true,"isSourceDebugExtensionKept":false,"isSourceDirKept":false,"isSourceFileKept":false,"isStackMapTableKept":false},"isAccessModificationEnabled":false,"isFlattenPackageHierarchyEnabled":false,"isObfuscationEnabled":true,"isOptimizationsEnabled":false,"isProGuardCompatibilityModeEnabled":false,"isProtoLiteOptimizationEnabled":false,"isRepackageClassesEnabled":false,"isShrinkingEnabled":true,"apiModeling":{},"minApiLevel":"21","isDebugModeEnabled":false},"baselineProfileRewriting":{},"compilation":{"buildTimeNs":57020703900,"numberOfThreads":4},"dexFiles":[{"checksum":"1d2b5f1f6df8a3882d9425f096a0f631deed0f6bc0d4d7b0db6c2d4a8fd7bd6b","startup":false}],"stats":{"noObfuscationPercentage":5.6,"noOptimizationPercentage":100.0,"noShrinkingPercentage":8.17},"version":"8.9.32"}