{"options":{"hasObfuscationDictionary":false,"hasClassObfuscationDictionary":false,"hasPackageObfuscationDictionary":false,"keepAttributes":{"isAnnotationDefaultKept":true,"isEnclosingMethodKept":true,"isExceptionsKept":false,"isInnerClassesKept":true,"isLocalVariableTableKept":false,"isLocalVariableTypeTableKept":false,"isMethodParametersKept":false,"isPermittedSubclassesKept":false,"isRuntimeInvisibleAnnotationsKept":true,"isRuntimeInvisibleParameterAnnotationsKept":true,"isRuntimeInvisibleTypeAnnotationsKept":true,"isRuntimeVisibleAnnotationsKept":true,"isRuntimeVisibleParameterAnnotationsKept":true,"isRuntimeVisibleTypeAnnotationsKept":true,"isSignatureKept":true,"isSourceDebugExtensionKept":false,"isSourceDirKept":false,"isSourceFileKept":false,"isStackMapTableKept":false},"isAccessModificationEnabled":true,"isFlattenPackageHierarchyEnabled":false,"isObfuscationEnabled":true,"isOptimizationsEnabled":true,"isProGuardCompatibilityModeEnabled":false,"isProtoLiteOptimizationEnabled":false,"isRepackageClassesEnabled":false,"isShrinkingEnabled":true,"apiModeling":{},"minApiLevel":"21","isDebugModeEnabled":false},"baselineProfileRewriting":{},"compilation":{"buildTimeNs":456886952500,"numberOfThreads":4},"dexFiles":[{"checksum":"50f2cb80e351f6d87d67917835e7ac6128d9f401c1c3ed27737bd3461afdd041","startup":false}],"stats":{"noObfuscationPercentage":85.06,"noOptimizationPercentage":85.67,"noShrinkingPercentage":85.56},"version":"8.9.32"}